CREATE DATABASE  IF NOT EXISTS `manageplatform` /*!40100 DEFAULT CHARACTER SET utf8 */;
USE `manageplatform`;
-- MySQL dump 10.13  Distrib 5.7.17, for Win64 (x86_64)
--
-- Host: localhost    Database: manageplatform
-- ------------------------------------------------------
-- Server version	5.6.37-log

/*!40101 SET @OLD_CHARACTER_SET_CLIENT=@@CHARACTER_SET_CLIENT */;
/*!40101 SET @OLD_CHARACTER_SET_RESULTS=@@CHARACTER_SET_RESULTS */;
/*!40101 SET @OLD_COLLATION_CONNECTION=@@COLLATION_CONNECTION */;
/*!40101 SET NAMES utf8 */;
/*!40103 SET @OLD_TIME_ZONE=@@TIME_ZONE */;
/*!40103 SET TIME_ZONE='+00:00' */;
/*!40014 SET @OLD_UNIQUE_CHECKS=@@UNIQUE_CHECKS, UNIQUE_CHECKS=0 */;
/*!40014 SET @OLD_FOREIGN_KEY_CHECKS=@@FOREIGN_KEY_CHECKS, FOREIGN_KEY_CHECKS=0 */;
/*!40101 SET @OLD_SQL_MODE=@@SQL_MODE, SQL_MODE='NO_AUTO_VALUE_ON_ZERO' */;
/*!40111 SET @OLD_SQL_NOTES=@@SQL_NOTES, SQL_NOTES=0 */;

--
-- Table structure for table `bd_user`
--

DROP TABLE IF EXISTS `bd_user`;
/*!40101 SET @saved_cs_client     = @@character_set_client */;
/*!40101 SET character_set_client = utf8 */;
CREATE TABLE `bd_user` (
  `id` bigint(20) NOT NULL,
  `login_name` varchar(255) DEFAULT NULL COMMENT '用户名',
  `password` varchar(255) DEFAULT NULL COMMENT '密码',
  `name` varchar(255) DEFAULT NULL COMMENT '姓名',
  `salt` varchar(255) DEFAULT NULL COMMENT '二维码',
  `roles` varchar(255) DEFAULT NULL COMMENT '角色',
  `status` int(11) DEFAULT NULL COMMENT '状态',
  `email` varchar(255) DEFAULT NULL COMMENT '电子邮箱',
  `mobile` varchar(65) DEFAULT NULL COMMENT '手机号码',
  `data_use` varchar(500) DEFAULT NULL COMMENT '使用情况',
  `description` varchar(255) DEFAULT NULL COMMENT '描述',
  `vm_ip` varchar(255) DEFAULT NULL COMMENT '虚拟机ip',
  `space_total` float DEFAULT NULL COMMENT '空间总大小',
  `space_use` float DEFAULT NULL COMMENT '已使用空间大小',
  `register_data` timestamp NOT NULL DEFAULT CURRENT_TIMESTAMP ON UPDATE CURRENT_TIMESTAMP COMMENT '创建时间',
  `delete_flag` varchar(255) DEFAULT NULL COMMENT '删除标志位',
  `creator` varchar(255) DEFAULT NULL,
  `user_grade` int(11) DEFAULT NULL,
  `encode_password` varchar(255) DEFAULT NULL,
  `filepaths` text COMMENT '用户上传文件地址',
  `deadline` datetime DEFAULT NULL COMMENT '有效期',
  `public_key` text,
  `private_key` text,
  PRIMARY KEY (`id`)
) ENGINE=InnoDB DEFAULT CHARSET=utf8;
/*!40101 SET character_set_client = @saved_cs_client */;

--
-- Dumping data for table `bd_user`
--

LOCK TABLES `bd_user` WRITE;
/*!40000 ALTER TABLE `bd_user` DISABLE KEYS */;
INSERT INTO `bd_user` VALUES (1,'admin','691b14d79bf0fa2215f155235df5e670b64394cc','Admin','7efbd59d9741d34f','admin,管理员',1,'1518591880@qq.com','13244553234',NULL,'',NULL,81920,0,'2017-05-10 22:40:47','0','admin',6,'V1ZkU2RHRlhORDA9',NULL,'2116-12-31 00:00:00',NULL,NULL),(2,'user','e1c39148b959dc930786f1ba957ecf0b2a909cc7','Deason','55a9b5cb7fbf4e46','user,租户',1,'1518591880@qq.com','13312344321',NULL,'dsafdsafdsa打发打发范德萨萨芬',NULL,81920,616.862,'2017-05-10 22:40:47','0',NULL,1,'VFZSSmVrNUVWVEk9',NULL,'2116-12-31 00:00:00',NULL,NULL),(3,'leader','1f8f729fd7a1de82df8ee53f02c61c5fd1306800','leadership','3e909e5778466ae9','leadership,领导',1,'1518591880@qq.com','13312344321',NULL,'',NULL,81920,0.9708,'2016-12-22 17:21:52','0','leadership',6,'WWtkV2FGcEhWbms9',NULL,'2116-12-31 00:00:00',NULL,NULL),(23,'sys','fc30cf30c0b27e9bef8dce2291278e852865d4c7','superadmin','2ae9d87e0ab97c4b','superadmin,超级管理员',1,'1518591880@qq.com','13312300168',NULL,'',NULL,81920,0,'2017-05-10 22:40:47','0','admin',2,'WXpOV2QxcFlTbWhhUnpGd1ltYzlQUT09',NULL,'2116-12-31 00:00:00',NULL,NULL),(31,'summer','9b0f6932821fa5c50793912a78811cda0e467a97','夏天Summer','cb3087d9da545a16','user',1,'1518591880@qq.com','13312344323',NULL,'',NULL,81920,5342.92,'2016-12-22 17:21:52','0',NULL,2,'VFZSSmVrNUVWVEk9',NULL,'2116-12-31 00:00:00',NULL,NULL),(32,'tester','921d2f7ac65d10cf8a6e1661eec5396f81027806','tester','7171f431e0985e4a','user',0,'1518591880@qq.com','13312344321',NULL,'werthywert刹车灯werthywert刹车灯werthywert刹车灯werthywert刹车灯werthywert刹车灯werthywert刹车灯werthywert刹车灯werthywert刹车灯werthywert刹车灯werthywert刹车灯werthywert刹车灯',NULL,81920,0,'2016-12-22 17:21:52','0',NULL,0,'VFZSSmVrNUVWVEk9',NULL,'2116-12-31 00:00:00',NULL,NULL),(33,'aasd','9f9e71d3ea9fb1545d6b6b3afaab108819ece30b','sdf','293010afc70f4257','user',0,'1518591880@qq.com','13333333333',NULL,'',NULL,81920,0,'2016-12-22 17:21:52','0',NULL,0,'VFZSSmVrNUVWVEk9','data/aasd/2.23任务进度.xlsx,data/aasd/10_1_9_91环境.txt,data/aasd/65_10messages.properties,data/aasd/QQ图片20160119141950.png,data/aasd/sql_parse_attach.sql','2116-12-31 00:00:00',NULL,NULL),(34,'asdfasdf','637442b4b663df52e9cc55b271fd4d6559eb876b','123','2e4b53654d788c7f','user',0,'1518591880@qq.com','13333333333',NULL,'',NULL,81920,0,'2016-12-22 17:21:52','0',NULL,0,'VFZSSmVrNUVWVEk9','data/asdfasdf/2.23任务进度.xlsx,data/asdfasdf/10_1_9_91环境.txt,data/asdfasdf/65_10messages.properties','2116-12-31 00:00:00',NULL,NULL),(35,'ffffff','7288be8650ee8804930298bbf7118c7e6a6a018e','ffffff','316320f424b5647f','user',6,'1518591880@qq.com','18276533331',NULL,'',NULL,1048580,0,'2017-05-10 22:40:47','0','superadmin',1,'V1ZkR2FGbFhSbWc9',NULL,'2116-12-31 00:00:00',NULL,NULL),(36,'zzzzzz','e06fa3c0a835f17f5d3037199a4b7e4085585845','zzzzzz','3417057bb1b04304','leadership',6,'1518591880@qq.com','18276543221',NULL,'',NULL,104448,0,'2017-05-10 22:40:47','0','superadmin',3,'V1ZkR2FGbFhSbWc9',NULL,'2116-12-31 00:00:00',NULL,NULL),(37,'eeeeee','83d208a585268baf83b96771d42193e10d5905c8','eeeeee','4ce5f2af0c7f21bf','user',6,'1518591880@qq.com','17265652222',NULL,'',NULL,1048580,0,'2017-05-10 22:40:47','0','superadmin',3,'V1ZkR2FGbFhSbWc9',NULL,'2116-12-31 00:00:00',NULL,NULL),(38,'rrrrrr','03720c7194680d092353e62923ab8c20d2073b74','rrrrrr','af646a87369d2baa','user',6,'1518591880@qq.com','18276543212',NULL,'',NULL,1048580,0,'2017-05-10 22:40:47','0','superadmin',4,'V1ZkR2FGbFhSbWc9',NULL,'2116-12-31 00:00:00',NULL,NULL),(40,'testtest','faa2166afec80df78f4afda23666d8b90761067f','testtest','75bf654ce6f31572','user',6,'111@qq.com','18276543212',NULL,'',NULL,1048580,0,'2017-05-11 06:09:14','0',NULL,1,'VFZSSmVrNUVWVEk9','','2017-06-11 21:51:08','MIGfMA0GCSqGSIb3DQEBAQUAA4GNADCBiQKBgQCVts242DiQFNAzsKWL+pXVgSfFAj54WTYbG1sJ2Wy0WF0Hskj7iELqqrTdCEYbCmaOCx68PE3myq4KBzJlw1hiulLl+fcoO2U0P5uyRETdaoXZxtIIjukdTdHp2eXTgzzMke60oNFOuuvbsjyx3OFCVR/tXEIkqCoO0RSx/hJpswIDAQAB','vRScmWzL0/KXPGu4Bq4AOAE+XFuDr/dIEGI8EDiAbpONlB9ubl9lDyLiWgKUNrV/qbSnz1Mu1A8QPHTLDMd3yYRP8ls2l9Rw0sHq0GpMMhIEeUZQ4CH41K4+QXTwcmaVv/NdtwxwgSdjzUqp5dK5VL57GYfsKioMwAqCeyeRvXtUc01sUgZCLC6as9w6DV19MI6Bu8T67CdOQCg6ENK9hjxojIbdyNDDmjtgEwD4RWe4TXyv5y5wx7iFDLIdKjXCMvrSN97iQA3gdcT7TFwf5kqjXAeQfliMrjmPJsK3lUWNl6a7vVnuFND7hhvVU2g6r/rdoQuzVjJ7npq3MeXFAM/1aZu56UzjYf8zZ/firdt72KIFVHAIXQYO28ws61zFm5kLEe8iQO7eJEq14eTHz/8auZ0P3yDhxzzrtI9oTPKqvARyJTZf8WDZ+v2WENsp4diuK/rz+y7SxqzHYmkWXd9kcB96FAB8U91YN/6zJN4Ofl3HJg897LzSWtDB6bZiOq7o3QSCYG/47bI6cWJjSfjuTHe8yN4d3ISJzt1xzlEIRNm5wJc1+6Vdf075hrk44fTeWMayURbRx2RdLrjJGJKPIHGtU1FBR8orgX1XdByxqceySY8bgr3qYO1j3hlmaWSx4+PKSIE2bfxzyN1tCCoTnoHHrbOIVXt6x6l2QDnmFp5X18skC9Mb+EEs27vd0PwEiXjU3bjZHvUe/wH8BrS0MiGa7+P2n7H+oTTUxHAvKQ/1Di84yFMC2Puz6h/EaMvr6wINR1Ey6DUEtfYiQieQcujIhDUOuuahtNOC3L4iDOptMkgQrFhVuSMTn4Yq2Pwo6TnhrxocNw=='),(41,'detest','eda376bbb8be252ac14e500b1afc835c9241f462','DETEST','d8a9594035334d46','user',0,'detest@detest.com','18888888888',NULL,'',NULL,1048580,0,'2017-05-11 18:42:18','0',NULL,0,'V2tkV01GcFlUakJhUjFZd1dsaE9NQT09','','2018-01-12 10:42:18','MIGfMA0GCSqGSIb3DQEBAQUAA4GNADCBiQKBgQCEI/nXRCYsZgpd1KuYPy6PldMgDghzg4lfByPX41j35S64dhhmZ/Ncxfr+X3Wjr+KH5Ik3LWMOuPRqoN9cnatcEd/pTxT4cs4yCdxVv4IsGvmTlr4Do8Xf/h5JuWw6fMHXFbn+vGe52QapA1gg19AJXr0rJDbGn3kb7jUoi0yV3wIDAQAB','9pPQk1HrueuiZIqA8QSYoYYA/kBOO8tF1Ra37CA/ExbGE1NlU26aIngmpYYRRkOCIJnAb8SuHOfZf/Ttqz0WNBHyihO2xAGttwTkWSuJ5KjUdFzuqbwrTuBa5GCalnu3GU1PTw/7ZjLgdnvYuX4Xit6+fW1RwlxRaXQkq/2cD15/feiYkj2sYlHe5BOuSrdV0yEokUJlcuzzQUHxW3n/Iu6annGM6Lrar2OBK/dPXEld/vhwuin/mclqlZ/gmo/b3Z2rKOdsyo0xjq+fB+1YHagvHAAHw5sPx4UCyOL9KCSu6TdsNI2moldqgzE+XG3ElXSVaQPLWLMRcq846SucO7HEFb4njiedaaeS55TONABFu38wj1tuX2FZyXqNLZ5p9gGG9gqvChY4mBZ7dk5fVn68bSQugshs8kXRF9TuMtK7aMf5mFxvj5U4jdQOlBCySbJaClAuqZMbEOuvPHRsgXEBGhsYudljBG0K9d+3xe+JQP/I438Wj6hRsoX2QXkwxt4tpCS/B5zscTfdOpkVJNRs5qZSi6YtIlUfcdT4fE+EDHDAXH3I6myMk+xJOyfzXjuoQwo7e3XRzmPmvYr7zMjGoSV/njxfZjK2KxFgQ0VsYYP6+7wmHPx9gmRjKNxNYZ5Tqh+0dUpyeM+hWmHDfHJ7dIgdqs2H/JHGwLsWAgCxAG7stO3ulgT/4VzINz7vE6OK4+/ZHgOThW89vLxnChNieYeIfyP+AEDabwwxegzPTYAwVc5a3tU2h7WzMkND8y4JmqsVuBNdJw4i2gHrXUaGhekE4JGV7ME+uTso0j3041TV4KzCLx1nysLRry93+cg/Ne/PXyYtrs0='),(42,'wonders','5d4eced26a384b47d6dfa987d2b562257f427dcc','wanda','b407eaf42b2d8c08','user',1,'66@sina.com','18717797855',NULL,'',NULL,1048580,6531.82,'2017-05-15 02:42:33','0',NULL,1,'VFZSSmVrNUVWVEk9','','2018-01-15 18:43:20','MIGfMA0GCSqGSIb3DQEBAQUAA4GNADCBiQKBgQCZKAf5gIWp5eeCY2HJuEKr0a87tJeh6/h391WqTjomPDpYdmwpSKE2JAUxEFeUNNY3/ZjioqZWqm9TY0iOOOmaqdF3hLSG5NcbNctcJ7c8vgO666PSq+O951jCTAIuGCoLEdaExFlxQDPCldkTDK78KMdcY/LoaNIOfXlQYpfp0wIDAQAB','vRScmWzL0/KXPGu4Bq4AOAE+XFuDr/dIEGI8EDiAbpONlB9ublP7xWO65ztlAQSsbfblGC1+XPGmla15wqubxyfYpMlS8Iu09hMqM7bCg/4caMluUJgOUvCgqsSQsz/xxRimBvRjArUejuR2V/2zBFAY6mY4rEkhsdCncYc7NFDBlLD3RMHCFB7+O+PA1URa1SxR9HqHNJZx8OT66NIR6930CQa9yNDDmjtgEwDnpZUP7sL2IChHK0QvvB3smWkN2WOpkL6vCBMyHzA5zPfAIg5lnXTs0GfMXk3G2RzkMtmCGo0xNDUNBVktIeWADcNav4ULJ2wjVblz9N+NNem9A+lMuERQwDWwj8u2KqSTWwMQWo7eKOkwHZe3ZoiHGWLqcj1U38MlbZBjU70RkeTHz91VmkuZNw8f8EjnVoUgMpeGuZlRrUrIwIaoVuCJZKv4i6OZ+4ZdGGmvhMgXTGQSADmWUs3+abD6pYF0s7Vs2UQOfl3hv9EsEzSJe6EYT8HNQVsk+Xd/uYhIhzCcW/aFy2WNxmUEEDu8OeoIR+0WWIgbwf5PKZh+g1p0+I7rKn34GFiEWMaDidoxae0BA4GN+yoCRArPxEnB5iPp6jAZmL0/LUKwPjyOGzsexekqXMHTRERWyQ8O1PHJ4mDZDYVFdlhBFMqxrbPVKa03LJPAFZ+8UOX7v4pvee8mGQVxBJugWz12lCkIqtLEQB6oNltj3fzf09aI9mime5t+0qwvNt7jirQ0O3RKyFMCvWQSSl1ufKsPZa8M+76F+iId+y+tFqMvJW+cfLOGgFiHPOaqOz7RF8nJUfEGzU2WjPuY3QBnGHEaghq5QypWrQ=='),(43,'ziyanwu123','31d9c1f8dbcd77fdc81497494ec99d22e9fb6a20','ziyanwu123','9620ebd34256af17','user',0,'1004992927@qq.com','18702168327',NULL,'',NULL,1048580,0,'2017-05-30 19:39:40','0',NULL,0,'VVRKR01FOVVUWGhOUkVFMA==','','2018-01-31 11:39:40','MIGfMA0GCSqGSIb3DQEBAQUAA4GNADCBiQKBgQDgMgj1BihXujwpOca7oIyat0kYjKRCdVyD4Sd4+aVPSPfdA/23iCpa+eGbmKcrhq+IGmZt/NxjCodTE5AeZ3BQEcmloauWT1on5r+xkAnRIX0lDw4YkYmPlxygqi2n/SCIjHEYLbIPANiqp5dPScECEqP+q+UINiSSe6TdBKa+9QIDAQAB','pPaon7LatEdzh+oqFp8LR1Nq0GqKpsS9Gkgc3R/8WMiUditpsDuGf4uHy1cq66SJmNBx5xURiSeUjW4qQSK77uyND6f4LGl0gzZrKsoubCvGzPrtIC7aWXXV8DwXJgnaBGrNmODKfdLfKnVPyvBrD+/72Lqu2+UwFjG91pI2Rmk+WQ0VkFM4BmasUQ+QDycXySSYqo20Y8GzzCRpOTMhbUlwDFZF2bd2foDhgRHXF7358C/3v7U3s+BeW/MQMPRDjrHLbT3qNl4RPtMEmHOPhfXGt982iMRPu2p4rI8dW9l+j9QS/Yu9sZW0hL5q/Dz7Z6/4wo8uqOsypqbzLnnOlp+BBe4m/S+4SC7vNY3G7JfHmnMb7OVbNf0iCX15YB7DGhPEqW8Bm4VIkO4hr3aP8V6RVqokT3/5KWGs50AemFoIZr7Hj+68gFzL9ZbLOVfK5AhwKJ25V1tmDjjwuwdcDfl0Tdjtm9kucHFUDopLH3gHaZBrarHXPrZAvwLlGdrc7UuPDKrT/BW9eYn3TJAdAghSwWZOY0YzwjtNfsrFBj5oqj+YYO80Qpeigziy40aIvx8Glo3m+9wT75Igho+Cfmgu9k7EXSQ0uG5gC2tA+XI7ETEIWiBMoU31OWo079xsnUtQNL+f80uC8U0fZaRzYv0hpFyWl8J/IQ4z1yB5pjF6zoIignDIHf9N+DJoepai+Xgq/O3hrhj4XOiOvlynEAX0QIALBOeaeaWS8JH4bZs+hpe2fFeQthpoLLythNUJi0f7Em0VaOmxqPnsbQW4dSw51PAMkjTjSKKrTZ+TWP6O+rHFwXnR0MbhHt4PKTz56Dxvhk7o8iT4Bmo='),(44,'ziyanwu','90543b88990be2154ab8b1c37be3431f52a16cc4','ziyanwu','a906b7c9061df7d2','user',1,'1004992927@qq.com','18702168327',NULL,'',NULL,1048580,0,'2017-05-30 20:04:25','0',NULL,1,'VVRKR01FOVVUWGhOUkVFMA==','','2018-01-31 12:55:37','MIGfMA0GCSqGSIb3DQEBAQUAA4GNADCBiQKBgQDBPUXXzvNow0MoV0EtAJ3ZsVUD7TAPrivkuLVIAlg+umvDTlSN+cS0QSC84XOU7rh9L+8ilfXgSpkg/0A7hdI2Q+DIiyLPjUGXqLk+QsikRXcVRm5eEzNGF/N0z35yb15B6HGHDxFFVCcMBIEMO0qEMI2HTcSCMN10zjjLKnM3mQIDAQAB','pPaonLLatEdzh+oqFp8LR1Nq0GqKpsS9Gncc3R/7WMiUditpsBqJMqlPEGhTlKXnH0bR9lYXlTz1GSPxNkXifNx28tYKsHc5KgwaxCSWrQy/GEWFN9vv0Dq82b9XOHo21E8vOoaYVL/1oyyN0UAlCWApGc/K0dV5dnc/bFu2qb1bCtiH7ppcBvmO8kXE8IG032fqIQuWTbhV7a5vwNWU8V9e2d8p2bd2foDhgRDx+jJTqm/NEY7ifrR4k1SwiX8TxEpV6KYrdptd1mclGF0qmAzLef5KAulpKBorq6jYXOYqKG0r/I3/NjoT98MBqz8UtLNpJ7nQ2RNNcNg+M4/fTBtfkqFZgVLhPx74DEVMhfP2fO1o051fqnXFZFpOv1IndE/vfcXkLvIHdikcidXMsKfrBWZILwkHJC3KY18sAqpFHr8dRo5WohPal+UgbkvOmjrfpKHKlG7RzIbTuJlWISBAic7W/HyQW+Ep+Rweq0NcKtGtysJpw3aHa9Fz/aiIbU2QY9uQBQlqOqUlJaTZCOhb5pWEMukMvYvx5W1m/Ta1LTvf9kiv3N8ya3pGoHT+mQmSabDcDNKJ84+peBZ+e7iCPnJcXZHH199354DzT26YReQq8oXi/T8fnkXTh8oq9CFbqNmT/BZ6BKAPDmNLX0GP+naN5sXEP8IQjChN6mfV6SOpRLK0wtBkPdBfnvzfmrw1BR0tDeIBpzT+3CRaBkRSutOIis5VG2JJzFghPbWsVUN5QBXCfxe1tmOtgGTtvHhW9JpjV4dZgCPCVZZv7qHKiCJscVKXhe7Y/oRKC/bfKtg1I+klv1l6aWFH1V/6rQEkAuUW4og='),(45,'wonder','2326d905e5a2634ee9fdc6190ab7a57b29578858','wonder','5d631892628468cb','user',1,'wonders@wondersgroup.com','13112345678',NULL,'',NULL,1048580,0.205062,'2017-06-04 18:02:16','0',NULL,1,'VFZSSmVrNUVWVEk9','','2018-02-05 10:05:20','MIGfMA0GCSqGSIb3DQEBAQUAA4GNADCBiQKBgQDKGqwD9qIOPgpGND6wjrt0UvcQqfItrIhwxnaLndx7mh7LqrOG1InNNuUlwvblaVRTZ66gBvbmDZjetJ894v8bGY8DUujkMYBELyNUkdUFfdm5SLKM4LykcyXOeCjlHbQhTIL8FyMjrEndLzvPMH8TR/FSc3oSu4K+X/wKjxjFjQIDAQAB','vRScmWzL0/KXPGu4Bq4AOAE+XFuDr/dIEGI8EDiAbpONlB9ubgDJbpnMwJy+7MD7Mo/T4fL9BNq78CE+sqyq5AYLQpT01BhoKby2G03QY+rOybgz0vyUZLIE+nQ3RLImEqt8EHXTXMHI0oajAKKp7FiuiF/7dkqCoI7sLp6vSVz1vnvy2uufQGYtQbEsr1vgN/BtJZXoAphheB4puGIzbocZhirjyNDDmjtgEwD2TFeOKJf3iO9xjKDwossQa5F6ehMqkKz4l7ho1sMnb9mnDc/G85Zugxug4cLVDqVtntjfcf/VZy/5UTcRMLNJVUwLY1hZN4BVUt9R1rnLHOj/bolNfdottqNpLhcrPUmIUFYVf+yD60gVPTYtRqWXHajSw2agf39OnKZK8n40DeTHz+eHuBR1uRLVAFbMt7td0kWsLkTvHTlD1RaBbMkiaoWQpTQXXFd/WwcIw87vdRhFA2oQUuAgj//4qRcbJc4tfjAOfl2B+8CX8AGnvTWpGgifuygdN/3dArSVl0WVenb7K/MLxnxYJdrxh87gY5MxP7aAG86G+7iJT1SuLf1uUmER+SouWMevU6CJ4ToJubS1Sk7cXACv4uUQV/NTjTjxSHkRyBPV7POkvF1QiFUJRU3m5onSbhRiG13htexuFNIhgH9imRCdPvGKYp2s5ouUVwO0kQB3jtQwyZYQb3AwK0SgfJP4FTKy3E8PIrcePh9gfVp2a06xeNe+cEriWm60OwA5O3YN+bv5MxBCdwn+JCuhaXuyozzgUwwLRub9jTGK6Tk/0f7xpmbtlwsUzXDKP6mTgEg9I5xeMfuVIp4k1ikT/gLrx9dY3SsJCw=='),(46,'bigxb','c5934eeb9bbc9549c766932ebc2821d39a0176e5','xb','a31f92b365130d9d','user',6,'xb@qq.com','13112345678',NULL,'',NULL,1048580,0.164062,'2017-06-04 18:50:05','0',NULL,1,'VFZSSmVrNUVWVEk9','','2017-07-05 10:52:43','MIGfMA0GCSqGSIb3DQEBAQUAA4GNADCBiQKBgQCM1g5iatmA9UFN3XnpxZEIBvVkfbQqkJfsLtXshKSJO/cF/Ey6VTstu1qaTSRC37ymXkrK7xN8RmChsO/oeHQT7+Blp93Mm1McUyvew4ktFk56IMRqBxswfM5osoxUMlvmlNpdhAqhEYio3SU8z04i75ceN3m7id/CdBnbFTpJ1QIDAQAB','vRScmmzL0/KXPGu4Bq4AOAE+XFuDr/dIEF08EDiHbpONlB9ubkYFzPhQuxJ1p8sSddaYy46pBq5vtiYCrTBCR2ESOmZVPdY+1oA3qa1d3FVBGx+FOgmtgNjtH+58vM0iYn7mm30lM6c9564J0/rV5NL81HeQ4Ynq1mgLiQqgovo/GsrdNSxHGMe+aDORbi4SKQOSFKRAZNQle7cb5R4Yi1aDpKa7yNDDmjtgEwDox8j1k1WLAy7gQ3nwUo+mdzMyRIqm6cqjYd1IlwSPQUJ3CihlvtXwa4dQAVyhuDM4hC66sUu3Z2mn22dkcmhmkEMaRkpZggi/90wRkdE1ADSwAeelmuUlLA7v+kCx7hasiThQXuyKHmrARXTeUgLwN1yuFm1hVp6bU42zNR88YeTHz9GMz8voMSGVpIJ+jMh0c6661JAvWldPDlJYLrsf9NKnltGQRV0pIF1lYtSAE2dzTugO29LAtOLmIRSWGHB7N+YOfl34GXpOhJYNk41B1QsttuzxQThIBUpeqq+/L9F7+5jDWxjQz9LSnl4KisYMIB+U4NiNx4CIKEhzCo6MihmJpbOQWMb55oTK5X6X9X4q5QT8X9WZVXLlPSZlkYaiWpEoYEPtYx3pN17eZQiTxh7zngLAfFOzaovLVpgGTIPY3BQ0huWfrbP5VUcJy2t0k8hZTpuw2KJUOjI23RmGXsDFSoWKgRcdKah0jgPRvYrFgwBooppDvfzCGQly0D7Ar6Hah0jXn9CeyFJO3qXQQnc4wUDGCExejKoyhEdZJEch04/toZm/AU1tfeuIqkiDLuhV5AG95HnyKZKd+seznh/6r3JkDwt/8006'),(47,'sigtest','f45538b70d8219d029bcee057b6bc7db028fe476','sigtest','7a72deb37cbf8845','user',1,'2@qq.com','13822222222',NULL,'sd',NULL,1048580,0,'2017-06-05 00:03:58','0',NULL,1,'VFZSSmVrNUVWVEk9','','2018-04-05 16:05:31','MIGfMA0GCSqGSIb3DQEBAQUAA4GNADCBiQKBgQDbr8TmvmOTPIZJaTpNQtcYjTpNb67LKuBE9WDRTShWWKu8C/3lDPCbXprzKfOBs9tW0bgH7xPtftjl46WNmfatmz1+IUffeOJ01/bU2+dB0xsb2zMb+n8WQWypYZS5mbAzrlEQQB6AHvL2Ra94FEixmoC/KkoDu18YYMpNsLgBKQIDAQAB','vRScmGzL0/KXPGu4Bq4AOAE+XFuDr/dIEGM8EDiBbpONlB9ubhF8BnyEAQG8YM+mNnIfjZ4iyYd9rMe42piZ8lzbtrk2YW/JZ99uYhu4HDwlzNzpXfkichXtH39EBIlxKBsHGcNR7ry7fb3qYpJROdjkuhtVtOgRIRn27SydADvsAid23vl9k4p6fBKeFHCKo0dJEjc1c3U4SA8pZcQMWMAmJu5HyNDDmjtgEwHmIbZml7wL82fK+SG0A+gAzYDil3TAygzHg6Y5nSkxSXEToyTrdRTkpYwtvCA0g6loIRzUoLXEIieIWOekcFNhLfQnBKgf2mkrPxaMTKjWpqIVVAxaG7VfiOWbHrkH27wavRtcmQkZqwF6hkjI7OXfZfGW9xRwt0FuBdMJUCeEo4OEjgzCcMa3zny0XrFdT34T+y8nleOIoCn/G4cX4dpTzcIBpNPKrGh3LJ8nDGqvHMHb7WOvlbQ1cUGGFhK8nzZowO5PPRxaWI1q3zSNpxfdEfnqyiZnPLfR5zdyLED0ahUu2MmhFHGgd9c6uA2tYDVdicP90fkFrRB/lZQS4K/4sHqF4bW6eYTv8KQgxZQQ6+ckQDayVWQkBEkvGij3A+0ZKfk8ETEVLPLcXW2LAGUDZDrDEcThC/pV/nQrlFYW7j/Rm2bUewjaXvGLEtAjYJswqn+ETeY/byEn7yqZU2W+AU6m4M8RLzPHX0OFZTKUbP647WHR5squX6r55TbJA//4zLFeHIURjwTghesATIj8Rphq8DlllCd5BR692zBsJh4TABp7q0SVhzjZvkLIJ5ePfQZi575n9p96WWnV0ko47gnYR0kiQ9ZZpCKoeXE='),(48,'bigdata','412f56a0b50d5a2fed9a2bd83127b3ef16021071','bigdata','a01cd2d312dba2a1','user1',1,'bigdata@wondersgroup.com','13112345678',NULL,'',NULL,1048580,0,'2017-06-05 17:53:28','0',NULL,1,'VFZSSmVrNUVWVEk9','','2018-02-06 09:53:57','MIGfMA0GCSqGSIb3DQEBAQUAA4GNADCBiQKBgQCCesqR/mXFdlPBSJijnI0YKu7o0pQVtV+mrcsOIlooSQx9ig5mxY9uMHebsNvPxh+FTwbazCD48TJ65rXCdwD5EHSPCK9qWeiD47Z3UCmbkXIpFYPPUl8UpR9NTtZgM3LunnyMIDvSrEyQLlSSZ+x2pfGYfwTy3Ny9yIbgptgsIQIDAQAB','vRScmmzL0/KXPGu4Bq4AOAE+XFuDr/dIEF08EDiHbpONlB9ubkipCAvEB1f2tUeHlJzB156FHSLAlhknZXrBWYO0xMcnxq5IlFynHe7W8VS85JKcmSq8zMjOLGrL7hZ0OFTp75fap02SlQjLaGVleXtvdMEX3drfkc1ezS55c9/DQP7cHCRNvhYaWUAsqhbhWK06tvAKAlJtBv5O5mGkFG0wRsNPyNDDmjtgEwDhml051YbjrdIu7RnIs4ubR/njfr7Z+fFu0c5pDiaPNRsKhRI5jq9H+EknP3CBDrAPKa3r8x854WQ3aWxORGLSaHxEtjfZnyvnHXaOP+rqSUlg50dk/xopab6Rpzhu2dS3K4eBinDU73lNO2cFtxLS8rFo0853B+90+qAGVbPlgeTHz7S7EK78GY6ONWgTmITVS6BRaZb2eDl30iJVihbcru2Z21PiZJyDTZ6Aix9u4mRMszKvMX1OC0E+VlRy5UzAMfYOfl3vgegZIi0FORahRDforubgMeIKi9B+0W14idFhwlWha0GRaJroJquy1+S9HAYndmBPiB8ohFB/MrI3dQPAm0t0WMb5o4+5JryhJDf5jVfTC6/nO1r15bd0k1yS/FP1CutcTuwgeBxb4rx8Q/UAhJ7NHgU9OsGrfVH0jwsLlBiAf3O/rbPSXXTzaeC+kOFq49eE9loWKkEmZ+Vc/p/ZD++6V+xHfvOeMP7AVH58ZsKbej7s/80eIPlFIvQZ5Sdc4YjoIfzayFJltLo/1lWZ5B1jtqsqYw+8bG69D7jzcg7f5LeO6OBq9KDqZxMKBAJbA6aews7f/Ct0m4sD+UpHj6FbtNCtkcQS'),(49,'hxh_gpwang','8efd62f3df9b499caac0689889c129b0097b7839','hxh_gpwang','e4cc6ec9e7924f36','user',0,'gpwang@fudan.edu.cn','13501743220',NULL,'',NULL,1048580,0,'2017-07-24 02:17:12','0',NULL,0,'VFZSSmVrNUVWVEk9','','2018-03-24 18:17:12','MIGfMA0GCSqGSIb3DQEBAQUAA4GNADCBiQKBgQCCTrBEm1qBmEYdc/tNxbCShwOHRsl87QIi9hVx/uObZU0c4xzy88toWsHtJ5PV2LMMy3z0fM7e3nmuO85DKMnHWsEsjMOkvMq/+6e3eBDIJ8TmGvbfMYuqTp+/Xo3d+1tbyD7FDwv9I8OPtvJrRpZODdTqJnrgCbo73VIIU/sP8wIDAQAB','vRScmmzL0/KXPGu4Bq4AOAE+XFuDr/dIEF08EDiHbpONlB9ubkidct6hOBMYoJu893KY6hQo8E1Uy3B/OP6ah/xofXQLh88hhsiRWei8RyIrrIiCNaM4tuZ+wkzkpcKpQ9W2JqmQEu4W+cYuSll9aLtHTZKhaxXQ5N09GZCS8y3TG0MUNZEb/F81aW+jJQl5/lQbzMiiJyA0eOybgOexwIXFZeCdyNDDmjtgEwDI7n0Ykm6XQLUZem8FWHgV6fxVqb9yRiYIVx7GVCrVd+3GCIJRubXFRaUzHsp5qhNYsILeWZ1F/F0aeYMgaqFceBw00+NYtUaQYqJfimuJIcAquTlpYHCEnT6HhaVhDfCkePkBl/fCISs0qimZVgFYTQDI5tpmbBa3ZiHHhZxu0eTHz8ca3PvAXgOM5YdKtt/+uV+tZbiGi7+LRDrkRc4bJApKNzttb9W+JeRmywRrxQiHP4IUy/D87Zf3u3ld/ku376YOfl3+s21W1HKZyQK9HQIF8bhQgx7ZQxssr7OkICfqkn5sJE/KMhA41wdMKLbSHR8H68poTB2VB6FlfULmm/2r6nmmWMbV/vnSAwJnFmJInwYhpY7Z3QQcI0FookA8uTHkEUxQvJo1yX7UWmwsKSkNK5r4/vAnRkM3C1Hm0JUAbc2U5zmfrbPXTOpPJmfjU/eBFYxhvwe2qBHjNp+8M63niAsJLRzytAMTfzi4bNtg7FzEouZQNNwA+cST3REmeSqwsGx+bly2yFIcbUwW9SoJ1Mbwx0J9NHnKylRfT6LzDiT1VZZpyXJt+opRp4ilEsua8jMc25Drrq4HsewEzaaz7CTLPTUrI9BH'),(50,'analysis','612d09a99467e4222761e6c738a90aa9f9b39aea','analysis','285aed71f28c1283','user1',1,'test@test.com','15698143288',NULL,'',NULL,1048580,72230.6,'2017-08-01 20:18:20','0',NULL,1,'VFZSSmVrNUVWVEk9','','2018-04-02 14:24:18','',''),(51,'quality','c62fefbcc5e194f1c033d4b07dad757e4582e280','quality','f3774f2f0e1a2b90','user1',1,'test@test.com','15698143288',NULL,'',NULL,1048580,85968.7,'2017-08-01 20:20:21','0',NULL,1,'VFZSSmVrNUVWVEk9','','2018-04-02 14:23:56','',''),(52,'streaming','6f62147a59f4166c50591973dc8cddfed6add44b','streaming','da70ad979c4cb127','user1',1,'test@test.com','15698143288',NULL,'',NULL,1048580,0,'2017-08-01 20:21:25','0',NULL,1,'VFZSSmVrNUVWVEk9','','2018-04-02 14:23:37','',''),(53,'xingchang','834c0071f9743718b314d5f91915398d0b5af68a','xingchang','ebfdb92e06b0bc88','user1',1,'test@test.com','15698143288',NULL,'',NULL,1048580,0,'2017-08-01 20:23:10','0',NULL,1,'VFZSSmVrNUVWVEk9','','2018-04-02 14:23:26','',''),(54,'hxh','82a9f65a7afe9af83cf0b20adab8b394ad468a01','hxh','dba19fe3e7e30071','user1',1,'hxh@hxh.com','15698143288',NULL,'',NULL,1048580,0,'2017-08-02 00:08:21','0',NULL,1,'VFZSSmVrNUVWVEk9','','2018-04-02 16:10:24','',''),(55,'liangchg','f87b54a9297949d82a2ad8edca26bb722cf1820a','liangchg','606c2a8094f649b1','user1',0,'lcguo13@fudan.edu.cn','15221913715',NULL,'',NULL,1048580,0,'2017-08-02 23:52:41','0',NULL,0,'V2pOa2NrMVVTWGxQVVQwOQ==','','2018-04-03 15:52:41','MIGfMA0GCSqGSIb3DQEBAQUAA4GNADCBiQKBgQCmcCIOdf+l6/84pneVpIPwWrkJCevJWv/9sYgSCde3kXeyxxEi3mcgIHB3V3j7HSTNv68sADkism2G+KB3MiSAQCnGZyLbe1/432T+TS6elra0egwqp1wDwQ0fsEckKakWvfx8fSKY0I3B0YIxORDBazfhBnQjnXXK4Pj3UEjpqwIDAQAB','W9znEv0FyB4JF5Bbs1q0jl8XpoDlDQ/XckaFE2KdWU9rXGTr/6K4DApkZtTe7QrfJYMDAhBXslx5z3zLnz7qxnlXMt1uc3rpFTNHFhUyQg4FblycxMC0+lwkjLPSrt22yynXTn9E4ehjM0IKaurtHaxbiR92u78vfA4SzWMCVlHbGcFDVhJ10nhsu+nln/Oo0CeekSFmPLR2UJYMFQm7tpwOrYNUBssvBBCb8LQSpBRQTGgK/wYHlbaXO71iUAIlyEFRMZdHfYiapTeBnYpCj5Gi/q6JSEtZFfT8tsyMLGvMklmMGdHUxsQc3tyfHHT3wVWr8PZKvtR6GnJ1zQG2kMp7J3SYg1RSV3zGFgO7bvX+LkuEIU0jqi5K9bOs/PX3of5ZLuiCAhH1aH/sARMwOFLmrwOA8ggiB/vcg1XvL7NYpHzzD2uGrf1mg5HkzxWGrutilLkS1yq7zVWoqcFNnZPBqWObXHQ2RLcfxRbbg/pjFOaBUY9q+68MypZKdQCkccEWNxa5wkcDmVJX028efdM3K7fqrLCGXqzYhafAcFb19S6tbdC3RUsKcrkTvoUnFV/MGuJMC8q6btSOggGycG+Wg19xPzk0Yo8GjYwOOEMZyPHW74jFLAFRVSuB4Fl+OD5BEXSKENnWq+Sv8WqCyHkV7z4gNUpXMBjAndLQxiglB3GmcF6ENAJ0++djC2Gtt1NG4+mfvt4sjC3GUaJRqk9SnXQ3ehJsTIBJsRwJcf9ntpn4wacouwsm9JGqxxTrm4yGUD+oAQQAs/oMxsURCU0eYo8jcih+UX9tof6ST7MRxxArIJ2EEWx2kuSFXFjBdbvTKvzZYMK3q4W/'),(56,'adminsym','323b58fa47a786ce34b970b6303a83819965f354','adminsym','a3bccce9515202a1','user',0,'17210240188@fudan.edu.cn','18621965267',NULL,'申请',NULL,1048580,0,'2017-09-13 00:23:59','0',NULL,0,'V1ZkU2RHRlhOWHBsVnpBMVRtYzlQUT09','','2017-10-13 16:23:59','MIGfMA0GCSqGSIb3DQEBAQUAA4GNADCBiQKBgQClcmwrO9XadCMWF3dNT7t9yKXVK8hKa6rPAMzkDlqu0Dz/Poi3knKoIuwxHKgDzPWDixSm0nNgDMRmOB3+6EBgKJkZP5ZNGF14d7+Zb1semckgOLlApx7GaIKZN6phVL68eWsQ+8DEcMa0HVDVxA7qS+WL6Cpu4F4PoFrLE//ROQIDAQAB','WEWN9dPjV88fAv69F88lX6ce3sletQ/pMCgYMVJQbUpoxQ4B0Uclkzk/Ik3lpLW/3VKQcyZ9rr4Zv2LY+sRvh4zJ1S4B3qjBmrNl5TmlT5m2t9wErjaAf5SlW9NczwlzdTlnwLHKzuYtkrqPzP/UFzNwhNbCfCtTizePrZZj7dJfbe7Ub14ulAL/N1PhQRe1+sobxrH+7uDaXUZTDgTPEaPUcFHo4FT+EgX1FhH1Jwi6zzU+4m+gA8a3a3QQgeZdi2HfNCI1ZQyNj0uUo03Wfgo6V2Wx3LKyesi/6rAxk2holjLgdnf5yGm3Sz6YAHOD7QbjBeePnmo/UpXtmbyBGfuT5eQeJLhvaX8kiPAnV4lYAwE3H3pTcwCdfOTUu++DheElMOIFqMRAbknzkIXiqEnTguBH/eWjcg/X5MTpySH4J7YYbt0QCXxAgsniIDGxsOHfYqCRRpVXz7okhcaPvVUAteHxyFBLwnfhKJSimSmoXt9xtkZyD3hE+Nkk5NU9h0NWgFDO5QYmWavZH2iqCMqJQaXUuoe8fY0cqBJvRYPfWChbaAYm88jEghZMnKj1pZVmyhvDaAikp9TVLN8KRoetCtBeO+SRqZs+oACo5iRAGka9c9oBoARmbyOhSrstk525IZ46BHFFpxwjnB8UX9RI/fZat0stJ0Vsr8B8wi/LgsoUBN+Y9RqiODT8JyzlG1sFJVRuXS1lzl19dws24tAGSXpmlmhNfgCBI+Ez434Xn8jlKmRCaXJ0lzk9EkhwZNtDD0ag7SFwEoaRy2IcgYJm8AQsrrQgYo6LIQ6etT2NNyWkxWyhX3XpgAlkflYWkHX3c5HfsgaX'),(57,'test0','4c249c1022cf2e55002325a693e39cdd4ced4b0a','testcase0','6a9bd5e44b18de83','user',1,'13302010096@fudan.edu.cn','13122651898',NULL,'',NULL,1048580,0,'2017-09-17 00:51:11','0',NULL,1,'WkVkV2VtUkhUbWhqTWxWMw==','','2017-10-17 16:51:56','MIGfMA0GCSqGSIb3DQEBAQUAA4GNADCBiQKBgQCgXMa7C4sORztzv3/ETyyeEPZkMJt73JVLT36trCZjDgNFVWGH8/TF9Z7xSzEWORFfVvjQ7g+qVnZ/xcCnGQL4NOfy9w0YdkN8r11y1rloy5YaeMGWYWkhVCz7gLucQtK2M6kBRnO/JxfIge8W2hvrxyZnXoIf4Ed0Qdfl/EQVIQIDAQAB','l5KhorNk8Ozoesv/v+S/OhFMBG9PB/g4OQgJ/MewwlenEiJVscWsGl53Sdt+l0pyY4lKQtQXCt4L80KiUKePKAq8hbe/ZrWJhPsxIfxZpzxXfBNXW1iqQuuGNtSTmr+TZ7e61klRFy4ScdqjetCWkG6bvAaBkebC+v5YF+S47K0nqz+WY9PDdeQ6sWoeu/FM81vfdaHA2t1l6iaegpiBgULs58GQZ/Pd5X3AVLnu42fLZtOlURS4tiSVxBLHnRuwAhWu6Pe8kBQwVmMbfFt602sBtROjVmJJ/hcWIFKlQagSWwn8jgJTRfam1zxp97DFQURLPji1/cyyir4P2kKVs2Tv7N9oWirCrBJrp/KeHTAkBjnaqTfkcfxwakfsBnuOAO4Tot6h3ll/ERlW2K54zcZKr2iA0STYyXLKaXTUbUgxab1ilDSp8eaK28VIEvVB3SztNuqS3MSsICRJByThKcfrDAyBVMQDAR09vyirlIAeDAXSACLWsx+UF4jyL+tzrXry5l3zDFRF7sI9gU09CG3YeddSTMLISwFfsVD8skw0BOlqwgEAJB2+sWYyHouJq+AgbAoci+GIl2DvrQlWqS+sKXP1FsCSC1+HiQ8jsPwDbDBGRZSxuANAO9+QvfnS09F3INIyZIG34n1BEAxidQ0plr1LBbzy7uGpwts9qmuxHkoiJnY/5//bA/TFHuRoNHvvptuNpH2fxSf5Hf09xL/Q9Qe/oj9xB1uMHqmaVhXr33Aut6ABuHpov6qMG4cfe4ffNhGRUIpZ9Nv+7QBNzMhz0eFqbEFB06mQ+7ABz3/xQnjUKNEZeR1yVRLd+ayNIDTXyjckS9UEbg==');
/*!40000 ALTER TABLE `bd_user` ENABLE KEYS */;
UNLOCK TABLES;

--
-- Table structure for table `bd_user_authority_list`
--

DROP TABLE IF EXISTS `bd_user_authority_list`;
/*!40101 SET @saved_cs_client     = @@character_set_client */;
/*!40101 SET character_set_client = utf8 */;
CREATE TABLE `bd_user_authority_list` (
  `id` bigint(20) NOT NULL AUTO_INCREMENT COMMENT '自增id',
  `table_id` bigint(20) DEFAULT NULL COMMENT '表id',
  `user_id` bigint(20) DEFAULT NULL COMMENT '用户id',
  `type` int(11) DEFAULT NULL COMMENT '规则类型',
  `status` int(11) DEFAULT '0' COMMENT '导出状态(默认不可导出)',
  PRIMARY KEY (`id`)
) ENGINE=InnoDB AUTO_INCREMENT=51 DEFAULT CHARSET=utf8;
/*!40101 SET character_set_client = @saved_cs_client */;

--
-- Dumping data for table `bd_user_authority_list`
--

LOCK TABLES `bd_user_authority_list` WRITE;
/*!40000 ALTER TABLE `bd_user_authority_list` DISABLE KEYS */;
INSERT INTO `bd_user_authority_list` VALUES (1,1,2,0,0),(3,2,1,1,0),(4,2,3,0,0),(6,3,1,0,0),(7,3,2,0,0),(8,3,4,0,0),(9,4,2,0,0),(10,5,5,1,0),(11,6,4,1,0),(12,1,4,1,0),(13,2,4,1,0),(14,11,31,1,0),(15,12,31,1,0),(16,13,31,1,0),(22,10,31,1,0),(23,11,32,0,0),(24,12,33,0,0),(25,13,34,0,0),(26,13,33,0,0),(46,10,38,1,0),(47,10,39,1,0);
/*!40000 ALTER TABLE `bd_user_authority_list` ENABLE KEYS */;
UNLOCK TABLES;

--
-- Table structure for table `bd_user_table_relation`
--

DROP TABLE IF EXISTS `bd_user_table_relation`;
/*!40101 SET @saved_cs_client     = @@character_set_client */;
/*!40101 SET character_set_client = utf8 */;
CREATE TABLE `bd_user_table_relation` (
  `id` bigint(20) unsigned NOT NULL AUTO_INCREMENT,
  `table_id` bigint(20) DEFAULT NULL,
  `user_id` bigint(20) DEFAULT NULL,
  PRIMARY KEY (`id`)
) ENGINE=InnoDB AUTO_INCREMENT=30 DEFAULT CHARSET=utf8;
/*!40101 SET character_set_client = @saved_cs_client */;

--
-- Dumping data for table `bd_user_table_relation`
--

LOCK TABLES `bd_user_table_relation` WRITE;
/*!40000 ALTER TABLE `bd_user_table_relation` DISABLE KEYS */;
INSERT INTO `bd_user_table_relation` VALUES (23,10,31),(24,10,32),(25,10,33),(26,10,34),(27,11,32),(28,12,33),(29,12,34);
/*!40000 ALTER TABLE `bd_user_table_relation` ENABLE KEYS */;
UNLOCK TABLES;

--
-- Table structure for table `bd_vote_action`
--

DROP TABLE IF EXISTS `bd_vote_action`;
/*!40101 SET @saved_cs_client     = @@character_set_client */;
/*!40101 SET character_set_client = utf8 */;
CREATE TABLE `bd_vote_action` (
  `id` bigint(20) NOT NULL AUTO_INCREMENT COMMENT '自增id',
  `table_id` bigint(20) DEFAULT NULL COMMENT '表id',
  `sponsor_id` bigint(20) DEFAULT NULL COMMENT '投票发起人id',
  `type` int(11) DEFAULT NULL COMMENT '投票类型',
  `status` bigint(20) DEFAULT NULL COMMENT '投票状态',
  `user_id` bigint(20) DEFAULT NULL COMMENT 'type对应的需要执行操作的用户id',
  `sponsor_time` datetime DEFAULT NULL COMMENT '发起投票时间',
  PRIMARY KEY (`id`)
) ENGINE=InnoDB AUTO_INCREMENT=27 DEFAULT CHARSET=utf8;
/*!40101 SET character_set_client = @saved_cs_client */;

--
-- Dumping data for table `bd_vote_action`
--

LOCK TABLES `bd_vote_action` WRITE;
/*!40000 ALTER TABLE `bd_vote_action` DISABLE KEYS */;
INSERT INTO `bd_vote_action` VALUES (23,10,31,1,2,36,'2017-11-16 16:18:50'),(24,10,31,1,2,37,'2017-11-16 16:19:28'),(25,10,31,1,1,38,'2017-11-16 16:22:56'),(26,10,31,1,1,39,'2017-11-16 16:24:53');
/*!40000 ALTER TABLE `bd_vote_action` ENABLE KEYS */;
UNLOCK TABLES;

--
-- Table structure for table `bd_vote_status`
--

DROP TABLE IF EXISTS `bd_vote_status`;
/*!40101 SET @saved_cs_client     = @@character_set_client */;
/*!40101 SET character_set_client = utf8 */;
CREATE TABLE `bd_vote_status` (
  `id` bigint(20) NOT NULL AUTO_INCREMENT COMMENT '自增id',
  `voter_id` bigint(20) DEFAULT NULL COMMENT '投票人id',
  `action_id` bigint(20) DEFAULT NULL COMMENT '投票id',
  `vote_time` datetime DEFAULT NULL COMMENT '表决时间',
  `user_decision` int(11) DEFAULT NULL COMMENT '用户表决',
  PRIMARY KEY (`id`)
) ENGINE=InnoDB AUTO_INCREMENT=52 DEFAULT CHARSET=utf8;
/*!40101 SET character_set_client = @saved_cs_client */;

--
-- Dumping data for table `bd_vote_status`
--

LOCK TABLES `bd_vote_status` WRITE;
/*!40000 ALTER TABLE `bd_vote_status` DISABLE KEYS */;
/*!40000 ALTER TABLE `bd_vote_status` ENABLE KEYS */;
UNLOCK TABLES;
/*!40103 SET TIME_ZONE=@OLD_TIME_ZONE */;

/*!40101 SET SQL_MODE=@OLD_SQL_MODE */;
/*!40014 SET FOREIGN_KEY_CHECKS=@OLD_FOREIGN_KEY_CHECKS */;
/*!40014 SET UNIQUE_CHECKS=@OLD_UNIQUE_CHECKS */;
/*!40101 SET CHARACTER_SET_CLIENT=@OLD_CHARACTER_SET_CLIENT */;
/*!40101 SET CHARACTER_SET_RESULTS=@OLD_CHARACTER_SET_RESULTS */;
/*!40101 SET COLLATION_CONNECTION=@OLD_COLLATION_CONNECTION */;
/*!40111 SET SQL_NOTES=@OLD_SQL_NOTES */;

-- Dump completed on 2017-11-21 16:34:11
